{
  "geo_lat": 9.311468059020493e+17,
  "geo_lon": 6.150142628096082e+17,
  "building_type": 4.670295118123991e+17,
  "level": 2.3699377580168806e+17,
  "levels": 1.1318108493484196e+18,
  "area": 1.5551047467816092e+19,
  "kitchen_area": 9.758483964273459e+17,
  "object_type": 7.764268883761562e+16,
  "year": 6.420605735722353e+17,
  "month": 1.948148319703204e+17,
  "level_to_levels": 2.5963248643997696e+17,
  "area_to_rooms": 9.495803098227671e+17,
  "cafes_0.012": 8.396759974662472e+17,
  "cafes_0.08": 1.7307357011878543e+18
}